{
    "accuracy": 0.7965,
    "precision": 0.4348,
    "recall": 0.0248,
    "f1_score": 0.0468,
    "roc_auc": 0.6689,
    "mse": 0.151567,
    "rmse": 0.389315,
    "mae": 0.303991,
    "mape": 152020794770.3788,
    "r2": 0.059737,
    "profit": -3766172.5,
    "confusion_matrix": {
        "tn": 1583,
        "fp": 13,
        "fn": 394,
        "tp": 10
    },
    "model_name": "logistic_regression"
}