{
    "accuracy": 0.8076,
    "precision": 0.6089,
    "recall": 0.1044,
    "f1_score": 0.1782,
    "roc_auc": 0.7269,
    "mse": 0.141643,
    "rmse": 0.376355,
    "mae": 0.282545,
    "mape": 140654333347.5224,
    "r2": 0.114399,
    "profit": -49078590.0,
    "confusion_matrix": {
        "tn": 23601,
        "fp": 402,
        "fn": 5371,
        "tp": 626
    },
    "model_name": "random_forest"
}