{
    "accuracy": 0.8065,
    "precision": 0.5541,
    "recall": 0.2153,
    "f1_score": 0.3102,
    "roc_auc": 0.7101,
    "mse": 0.146162,
    "rmse": 0.382312,
    "mae": 0.276371,
    "mape": 136939056320.0893,
    "r2": 0.093263,
    "profit": -2551820.0,
    "confusion_matrix": {
        "tn": 1526,
        "fp": 70,
        "fn": 317,
        "tp": 87
    },
    "model_name": "xgboost"
}