{
    "accuracy": 0.6755,
    "precision": 0.3338,
    "recall": 0.6089,
    "f1_score": 0.4312,
    "roc_auc": 0.7191,
    "mse": 0.199363,
    "rmse": 0.446501,
    "mae": 0.40037,
    "mape": 309753336694.7713,
    "r2": -0.236774,
    "profit": -696500.0,
    "confusion_matrix": {
        "tn": 1105,
        "fp": 491,
        "fn": 158,
        "tp": 246
    },
    "model_name": "xgboost"
}