{
    "accuracy": 0.5985,
    "precision": 0.282,
    "recall": 0.6386,
    "f1_score": 0.3912,
    "roc_auc": 0.6399,
    "mse": 0.233668,
    "rmse": 0.483393,
    "mae": 0.464332,
    "mape": 368082021852.0592,
    "r2": -0.449592,
    "profit": -628875.0,
    "confusion_matrix": {
        "tn": 939,
        "fp": 657,
        "fn": 146,
        "tp": 258
    },
    "model_name": "logistic_regression"
}