{
    "accuracy": 0.6765,
    "precision": 0.3422,
    "recall": 0.6705,
    "f1_score": 0.4531,
    "roc_auc": 0.7413,
    "mse": 0.205225,
    "rmse": 0.453017,
    "mae": 0.413122,
    "mape": 329572291016.6139,
    "r2": -0.283135,
    "profit": -3714957.5,
    "confusion_matrix": {
        "tn": 16274,
        "fp": 7729,
        "fn": 1976,
        "tp": 4021
    },
    "model_name": "xgboost"
}