{
<<<<<<< HEAD
    "accuracy": 0.6765,
    "precision": 0.3422,
    "recall": 0.6705,
    "f1_score": 0.4531,
    "roc_auc": 0.7413,
    "mse": 0.205225,
    "rmse": 0.453017,
    "mae": 0.413122,
    "mape": 329572291016.6139,
    "r2": -0.283135,
    "profit": -3714957.5,
    "confusion_matrix": {
        "tn": 16274,
        "fp": 7729,
        "fn": 1976,
        "tp": 4021
    },
    "model_name": "xgboost"
=======
    "accuracy": 0.5985,
    "precision": 0.282,
    "recall": 0.6386,
    "f1_score": 0.3912,
    "roc_auc": 0.6399,
    "mse": 0.233668,
    "rmse": 0.483393,
    "mae": 0.464332,
    "mape": 368082021852.0592,
    "r2": -0.449592,
    "profit": -628875.0,
    "confusion_matrix": {
        "tn": 939,
        "fp": 657,
        "fn": 146,
        "tp": 258
    },
    "model_name": "logistic_regression"
>>>>>>> 5d6f7cb80e94c9b1113dea84a0f86173cb1c2f46
}